{
    "loss": 0.27456942200660706,
    "accuracy": 0.8933236598968506
}